Fiscal Year,Agency Name,Work Location Borough,Employee_Id,Title Description,Regular Hours,Regular Gross Paid,OT Hours,Total OT Paid,Total Other Pay,Total Pay
2017,POLICE DEPARTMENT,5,50086,197,1948.518268,74786.04527,225.9489151,14596.82572,10450.52408,99833.39507
2016,NYC HOUSING AUTHORITY,5,8037,196,1891.258649,53301.71472,122.065945,4434.847357,1852.535635,59589.09771
2018,POLICE DEPARTMENT,5,50821,196,1952.277498,70258.92088,221.429472,13471.14687,10011.87166,93741.93941
2017,DEPT OF HEALTH/MENTAL HYGIENE,5,5058,195,1672.911932,65008.51607,39.44822459,1617.071554,2559.104187,69184.69181
2018,DEPT OF HEALTH/MENTAL HYGIENE,5,5326,194,1699.663793,66242.99755,33.64733196,1390.740978,2544.46843,70178.20695
2016,POLICE DEPARTMENT,5,49174,192,1994.977564,68615.06871,241.5492162,13816.82846,9709.843481,92141.74065
2015,POLICE DEPARTMENT,5,48037,190,2005.761895,66589.71386,261.2437187,14103.6906,9573.569184,90266.97365
2018,NYC HOUSING AUTHORITY,5,7800,186,1859.739654,52151.26806,144.988109,5132.995396,1849.451141,59133.71459
2017,NYC HOUSING AUTHORITY,5,8084,186,1835.236533,51400.65025,133.0450581,4636.518487,1815.125599,57852.29434
2015,DEPT OF HEALTH/MENTAL HYGIENE,5,4233,182,1751.465868,63326.93664,55.20042996,2000.611073,3806.992724,69134.54043
2015,NYC HOUSING AUTHORITY,5,8404,178,1853.685375,48521.90991,120.631128,3775.567214,2616.044541,54913.52166
2016,DEPT OF HEALTH/MENTAL HYGIENE,5,4381,173,1683.618094,61083.25512,53.56859849,2010.388058,2906.800096,66000.44327
2018,HRA/DEPT OF SOCIAL SERVICES,5,12819,162,1705.123715,52665.0291,69.8174181,2668.073379,3283.634421,58616.7369
2017,HRA/DEPT OF SOCIAL SERVICES,5,13081,160,1725.663908,53035.84972,70.96185675,2695.832111,3162.712964,58894.3948
2018,DEPARTMENT OF EDUCATION ADMIN,5,11296,154,1662.744557,64063.14624,21.86374701,1126.921099,2639.6285,67829.69584
2017,DEPARTMENT OF EDUCATION ADMIN,5,11014,150,1682.19743,64370.00794,22.49791194,1071.649715,2519.667232,67961.32489
2016,DEPT OF ENVIRONMENT PROTECTION,5,3055,149,1748.471735,65713.11572,126.4415712,5507.802681,2733.9829,73954.9013
2015,DEPARTMENT OF EDUCATION ADMIN,5,10085,146,1679.890311,59269.81664,21.58188795,886.9678592,3093.855902,63250.6404
2017,DEPARTMENT OF TRANSPORTATION,5,3550,146,1753.125293,65176.61642,192.2304676,10293.91719,2807.324406,78277.85802
2015,DEPT OF ENVIRONMENT PROTECTION,5,2995,146,1773.005102,66853.10949,119.3782871,5156.459876,3660.346922,75669.91628
2016,HRA/DEPT OF SOCIAL SERVICES,5,13053,146,1758.453319,49840.26989,61.52092156,2148.35027,2912.909799,54901.52996
2018,DEPARTMENT OF TRANSPORTATION,5,3627,146,1754.841718,65119.87006,182.1783513,9854.79861,2920.589741,77895.25841
2016,DEPARTMENT OF EDUCATION ADMIN,5,10686,146,1673.159984,58754.13468,21.20898007,924.4355151,2266.846384,61945.41658
2018,DEPT OF ENVIRONMENT PROTECTION,5,3171,146,1730.802116,70497.73498,103.383327,5038.972394,2999.242882,78535.95025
2015,HRA/DEPT OF SOCIAL SERVICES,5,13245,145,1751.097423,50305.67026,51.79796391,1867.303467,3812.981182,55985.95491
2017,DEPT OF ENVIRONMENT PROTECTION,5,3121,140,1773.857116,71325.61267,125.6038513,5895.5253,2767.181974,79988.31994
2016,DEPARTMENT OF TRANSPORTATION,5,3382,139,1753.898167,61193.76293,214.6662744,10838.4163,3070.837085,75103.01631
2015,DEPARTMENT OF TRANSPORTATION,5,3263,135,1791.307067,61502.62391,229.7188446,11182.53002,3650.77988,76335.93381
2018,FIRE DEPARTMENT,5,16753,131,1985.56561,72846.13732,300.0441316,18811.85341,11017.68517,102675.6759
2018,ADMIN FOR CHILDREN'S SVCS,5,6502,129,1650.032215,59768.01528,193.0143094,8811.964285,2636.880261,71216.85982
2017,FIRE DEPARTMENT,5,16852,129,1988.369329,73154.33797,312.4265146,19391.81724,8448.448277,100994.6035
2015,FIRE DEPARTMENT,5,15579,127,2002.164108,69870.08596,355.1387163,20494.7798,8841.764513,99206.63027
2016,FIRE DEPARTMENT,5,16089,125,2007.840746,74916.5942,337.0916314,21588.84956,9027.407387,105532.8512
2018,DEPT OF CITYWIDE ADMIN SVCS,5,1874,125,1743.065694,56780.4633,178.817412,5627.683527,1502.955293,63911.10212
2017,DEPT OF CITYWIDE ADMIN SVCS,5,1786,121,1746.054059,56352.27911,194.3117357,6169.344994,1423.562783,63945.18689
2017,DEPARTMENT OF CORRECTION,4,12031,121,1761.25702,60246.59067,363.5736846,20567.85343,6417.760919,87232.20501
2016,DEPT OF CITYWIDE ADMIN SVCS,5,1682,118,1791.154388,53683.75486,182.3153032,5363.894251,1529.728282,60577.37739
2017,ADMIN FOR CHILDREN'S SVCS,5,6212,118,1680.630713,61101.85822,169.6332952,7351.109176,2664.184279,71117.15168
2018,DEPARTMENT OF CORRECTION,4,11892,118,1914.140916,64048.3855,296.2680535,16747.79728,6659.406908,87455.58969
2016,DEPT OF PARKS & RECREATION,5,3719,114,1847.669997,54153.13706,75.02352245,2998.77861,3172.52815,60324.44382
2015,DEPT OF CITYWIDE ADMIN SVCS,5,1517,114,1823.496671,53973.76711,179.1641661,5336.605728,2305.184674,61615.55751
2017,DEPT OF PARKS & RECREATION,5,3773,113,1856.631903,59370.60481,69.41538033,3016.394158,3362.738577,65749.73754
2018,DEPT OF PARKS & RECREATION,5,3773,111,1831.964874,59032.89534,72.48633713,3285.485918,3560.575325,65878.95658
2017,DEPARTMENT OF SANITATION,5,8882,110,2009.189219,68068.56544,257.6017415,13459.17184,11091.05463,92618.79191
2018,DEPARTMENT OF SANITATION,5,8850,109,2008.905612,68575.64969,296.0289097,16672.17809,11364.15369,96611.98147
2016,DEPARTMENT OF CORRECTION,4,10154,108,1945.963362,68140.74914,450.7736928,25444.09884,7845.927122,101430.7751
2015,DEPARTMENT OF CORRECTION,4,9615,107,1973.447805,65751.26387,344.8628879,17815.30302,8842.559867,92409.12675
2015,DEPT OF PARKS & RECREATION,5,3528,106,1831.56254,53910.35021,67.39512188,2623.804759,3876.254722,60410.40969
2015,ADMIN FOR CHILDREN'S SVCS,5,5864,105,1737.35891,59202.45539,118.776823,4683.101463,3648.23441,67533.79126
2016,DEPARTMENT OF SANITATION,5,8757,104,2008.092909,67475.29883,209.680475,11051.17341,11580.66993,90107.14217
2016,ADMIN FOR CHILDREN'S SVCS,5,5818,103,1727.323004,58501.6408,131.8972602,5177.128976,2791.776583,66470.54636
2018,HOUSING PRESERVATION & DVLPMNT,5,2252,102,1692.615409,62923.38286,26.60708259,1210.556625,2713.483983,66847.42346
2015,DEPARTMENT OF SANITATION,5,8573,102,2009.959987,63768.49734,276.751543,13864.48309,10392.52137,88025.50179
2016,HOUSING PRESERVATION & DVLPMNT,5,2163,98,1740.423847,60202.69274,20.34654184,959.6144383,2741.72761,63904.03479
2015,HOUSING PRESERVATION & DVLPMNT,5,2055,97,1736.949674,58898.68064,19.37888078,864.1724915,3412.239182,63175.09232
2017,HOUSING PRESERVATION & DVLPMNT,5,2215,97,1743.659494,64749.17736,22.21621219,1016.385061,2402.314998,68167.87742
2018,DEPT. OF DESIGN & CONSTRUCTION,2,1326,94,1697.37638,75815.74443,35.04883107,1911.292564,3039.431214,80766.46821
2017,DEPT. OF DESIGN & CONSTRUCTION,2,1322,93,1745.149062,77699.49799,41.40605144,2254.751884,2521.518691,82475.76856
2016,DEPT. OF DESIGN & CONSTRUCTION,2,1349,91,1646.315693,68478.67878,39.05337287,1920.167005,2461.646019,72860.49181
2015,DEPT. OF DESIGN & CONSTRUCTION,2,1176,87,1715.847619,73813.63947,37.81866497,1845.164167,3769.512287,79428.31593
2018,DEPARTMENT OF FINANCE,5,1857,84,1737.984873,71370.75187,37.14038772,1988.289063,3017.994534,76377.03547
2017,DEPARTMENT OF FINANCE,5,1901,83,1725.633456,70465.34388,33.38344555,1770.233377,3050.787438,75286.3647
2018,OFFICE OF THE COMPTROLLER,1,746,83,1673.802158,79379.49024,6.469168901,309.7259517,2148.924155,81838.14035
2016,DEPARTMENT OF FINANCE,5,1834,80,1752.961303,67081.67142,26.40055071,1367.428522,3204.341641,71653.44159
2017,OFFICE OF THE COMPTROLLER,1,741,80,1700.994413,81681.65901,11.1437247,458.0150337,2248.656829,84388.33088
2015,DEPARTMENT OF FINANCE,5,1827,78,1741.640033,66614.31994,18.12112753,919.9148714,4442.489562,71976.72437
2018,DEPARTMENT OF BUILDINGS,5,1531,75,1763.14821,69286.82803,95.26992162,4673.475356,1573.739471,75534.04286
2015,DEPT. OF HOMELESS SERVICES,4,1851,73,1746.905019,51475.91153,108.7643274,3930.786926,3557.424754,58964.12321
2017,DEPARTMENT OF BUILDINGS,5,1488,72,1706.368918,68072.03011,104.3386828,5407.07412,1593.971358,75073.07558
2018,DEPT OF INFO TECH & TELECOMM,3,1485,72,1656.517111,81162.96566,21.53967677,1163.541778,2147.08699,84473.59443
2016,OFFICE OF THE COMPTROLLER,1,720,72,1717.749694,75419.29619,9.483444444,381.4613472,2269.377014,78070.13456
2018,COMMUNITY COLLEGE (MANHATTAN),2,1343,69,1066.693559,69713.07549,21.33637379,596.2812584,388.1809903,70697.53774
2018,COMMUNITY COLLEGE (BRONX),2,888,69,1169.645236,68366.54617,15.48442568,501.3063626,417.4755518,69285.32809
2016,COMMUNITY COLLEGE (MANHATTAN),2,1230,69,1064.127577,61532.66214,27.10445528,649.5387317,451.4334472,62633.63432
2015,OFFICE OF THE COMPTROLLER,1,706,69,1718.180425,73394.5361,11.41824363,481.500255,3143.949844,77019.9862
2016,DEPT. OF HOMELESS SERVICES,4,2254,69,1641.149725,46910.13902,115.8590772,4147.995541,3029.443722,54087.57829
2017,COMMUNITY COLLEGE (MANHATTAN),2,1307,68,1045.226312,77611.72295,25.01424637,802.1619587,1320.702571,79734.58748
2017,COMMUNITY COLLEGE (BRONX),2,862,67,1160.639582,77008.05132,16.81168213,672.1217053,1369.388956,79049.56198
2016,DEPARTMENT OF BUILDINGS,5,1284,67,1655.063287,63404.52562,127.6194938,6283.004182,1890.368855,71577.89866
2015,COMMUNITY COLLEGE (MANHATTAN),1,1221,66,1039.901589,60378.88123,26.96997543,645.309959,384.2076331,61408.39882
2015,COMMUNITY COLLEGE (BRONX),2,796,63,1180.160214,61625.73639,26.6734799,780.6497111,399.6401131,62806.02622
2017,DEPT OF INFO TECH & TELECOMM,3,1473,63,1646.716789,79430.63612,23.57620502,1223.88165,1879.380896,82533.89867
2018,DEPT. OF HOMELESS SERVICES,4,2230,63,1704.024628,48058.61719,175.7821211,6108.618036,3275.19204,57442.42727
2016,COMMUNITY COLLEGE (BRONX),2,828,61,1177.057162,60236.51192,24.94519324,701.8762319,475.9452778,61414.33343
2015,COMMUNITY COLLEGE (KINGSBORO),1,891,59,1224.106914,61101.84095,14.68013468,394.7290685,478.3785746,61974.9486
2015,DEPARTMENT OF BUILDINGS,5,1082,59,1761.277421,66362.56829,131.1548799,6009.181155,2486.112948,74857.86239
2017,COMMUNITY COLLEGE (KINGSBORO),1,867,59,1202.890369,80579.83351,12.92185698,544.1451211,1458.887324,82582.86595
2018,LAW DEPARTMENT,5,1562,57,1689.435128,75309.40734,18.21046735,658.7705122,1170.334462,77138.51231
2016,LAW DEPARTMENT,5,1409,57,1731.347651,72267.8236,26.51064585,896.6502058,1241.300703,74405.77451
2018,COMMUNITY COLLEGE (KINGSBORO),1,861,57,1188.232358,71764.70669,13.76277584,420.6223113,413.5498722,72598.87887
2016,COMMUNITY COLLEGE (QUEENSBORO),2,923,56,1139.727324,64813.94664,31.90588299,810.5656338,338.2162839,65962.72856
2016,COMMUNITY COLLEGE (KINGSBORO),1,886,56,1225.345023,62824.88867,14.82590293,386.2012641,497.220079,63708.31001
2017,COMMUNITY COLLEGE (LAGUARDIA),1,1156,56,1219.625952,80905.96988,19.52876298,765.1804239,1343.738599,83014.8889
2015,COMMUNITY COLLEGE (QUEENSBORO),2,886,56,1109.416196,64634.40393,34.14343115,905.3390858,272.0600113,65811.80302
2016,DEPT OF INFO TECH & TELECOMM,3,1364,56,1631.535,71817.7247,16.20881965,723.7681452,1707.279743,74248.77259
2015,DEPT OF INFO TECH & TELECOMM,3,1223,55,1647.129452,71996.60281,15.23480785,657.4554702,2668.305421,75322.3637
2015,LAW DEPARTMENT,5,1346,55,1714.414643,72962.93191,26.40453195,912.7163522,2145.219391,76020.86765
2017,LAW DEPARTMENT,5,1582,55,1640.358887,73742.72468,22.27006953,816.06689,1185.692756,75744.48433
2018,COMMUNITY COLLEGE (LAGUARDIA),3,1125,55,1224.27128,73480.24572,16.35211556,527.9314044,416.3560622,74424.53319
2017,COMMUNITY COLLEGE (QUEENSBORO),2,964,55,1123.94667,82421.00161,29.44069502,1003.2086,1302.786006,84726.99621
2018,COMMUNITY COLLEGE (QUEENSBORO),2,967,54,1140.521634,73740.32514,20.25913133,637.6352637,411.5995967,74789.56
2015,COMMUNITY COLLEGE (HOSTOS),1,557,54,1241.838169,60664.57366,25.67535009,614.2623519,387.3369479,61666.17296
2017,COMMUNITY COLLEGE (HOSTOS),1,592,54,1195.191419,74992.96824,31.63771959,1088.343598,1336.995422,77418.30726
2018,COMMUNITY COLLEGE (HOSTOS),1,603,54,1206.117164,67236.13851,29.79975124,941.1997181,448.4274959,68625.76572
2016,COMMUNITY COLLEGE (LAGUARDIA),1,1089,52,1194.693691,63618.61076,21.80509642,591.6124977,454.0631038,64664.28636
2016,COMMUNITY COLLEGE (HOSTOS),1,572,51,1248.43299,61012.04381,31.1791958,793.5390909,485.3255944,62290.9085
2017,DEPT. OF HOMELESS SERVICES,4,2181,51,1691.928547,46813.52974,124.490995,4370.168028,3053.879762,54237.57753
2015,COMMUNITY COLLEGE (LAGUARDIA),1,1018,50,1172.079617,62712.94223,24.85486248,658.2266994,459.7019352,63830.87086
2018,DEPARTMENT OF CITY PLANNING,5,295,46,1640.140881,73636.70403,2.100847458,87.9639661,1274.12461,74998.79261
2015,CITY COUNCIL,1,310,45,1703.766935,77497.9499,0,0.006548387,901.2272903,78399.18374
2018,DEPARTMENT FOR THE AGING,1,295,45,1731.790712,72154.10105,1.7,67.28054237,1690.631424,73912.01302
2018,DEPARTMENT OF PROBATION,5,1021,44,1789.627414,56613.53131,33.15567091,1494.006592,4879.615181,62987.15309
2016,CITY COUNCIL,1,315,43,1715.271429,79245.22063,0,0.002888889,203.8116508,79449.03517
2018,DEPT OF ED PEDAGOGICAL,1,87157,43,0,84178.899,0,0,-2.216954088,84176.68205
2016,DEPARTMENT OF PROBATION,5,911,43,1920.558463,59460.13244,13.98627881,622.2821405,5840.056279,65922.47086
2018,CONSUMER AFFAIRS,1,391,43,1650.864552,58405.36159,23.07097187,869.954399,813.8982864,60089.21427
2016,TAXI & LIMOUSINE COMMISSION,3,512,43,1721.947988,50451.77494,55.02255859,1901.982051,3609.075859,55962.83285
2016,DISTRICT ATTORNEY-MANHATTAN,1,1324,43,1714.825688,71612.04199,30.37088036,1166.60547,1039.681768,73818.32922
2016,DEPARTMENT OF CITY PLANNING,5,260,42,1695.729115,71292.04765,5.045192308,210.4976538,2048.196731,73550.74204
2017,DEPT OF ED PEDAGOGICAL,1,84652,42,0,79925.63412,0,0,16.43698912,79942.0711
2018,TAXI & LIMOUSINE COMMISSION,3,524,42,1634.419943,51637.02765,57.98377863,2038.067748,2935.47687,56610.57227
2016,DEPT OF ED PEDAGOGICAL,1,81603,42,0,76865.13412,0,0,16.09844794,76881.23257
2017,DEPT OF YOUTH & COMM DEV SRVS,1,482,42,1739.871452,77864.67135,5.620912863,258.8525726,871.6954979,78995.21942
2018,CITY COUNCIL,1,339,42,1510.025811,77130.8464,0,0,108.43941,77239.28581
2018,TEACHERS RETIREMENT SYSTEM,1,347,42,1740.097118,80810.35634,16.7074928,746.3981844,2757.594063,84314.34859
2015,DEPT OF ED PEDAGOGICAL,1,78345,42,0,74994.59053,0,-0.000914927,59.00597631,75053.59559
2015,DEPARTMENT OF PROBATION,5,932,41,1888.889914,60497.28352,12.85997854,531.877897,6497.384496,67526.54591
2017,DEPARTMENT OF PROBATION,5,956,41,1828.288264,59924.45581,29.08485356,1233.3984,5474.161695,66632.0159
2017,DEPARTMENT OF CITY PLANNING,5,288,41,1688.125139,75144.18583,3.361979167,141.9419792,1440.774132,76726.90194
2017,DEPARTMENT FOR THE AGING,1,293,41,1728.334846,71463.48747,1.268771331,48.63645051,1638.928294,73151.05222
2017,CITY COUNCIL,1,312,41,1729.40625,89720.35125,0,0,212.1042949,89932.45554
2015,TAXI & LIMOUSINE COMMISSION,3,533,40,1670.416773,46854.90675,73.48452158,2261.811295,3516.068518,52632.78657
2017,TAXI & LIMOUSINE COMMISSION,3,508,40,1724.774685,54007.38638,55.72145669,1833.577264,3130.628799,58971.59244
2016,DEPT OF YOUTH & COMM DEV SRVS,1,472,39,1713.295275,71522.97178,5.250529661,212.2049364,921.986822,72657.16354
2018,OFFICE OF LABOR RELATIONS,1,133,39,1621.137594,70938.04586,0,0,1105.178346,72043.22421
2017,CONSUMER AFFAIRS,1,391,39,1584.167366,54855.74095,19.64130435,742.9930691,716.1972379,56314.93125
2018,FINANCIAL INFO SVCS AGENCY,1,427,39,1744.459719,104642.3,13.735363,661.2742857,2210.777213,107514.3515
2017,TEACHERS RETIREMENT SYSTEM,1,350,39,1801.980314,82250.00783,13.03642857,581.4846857,2727.793171,85559.28569
2016,TEACHERS RETIREMENT SYSTEM,1,364,39,1774.624121,75345.09437,10.10645604,381.2854396,3644.365385,79370.74519
2018,DEPT OF YOUTH & COMM DEV SRVS,1,478,39,1737.075753,77817.24531,3.797594142,176.2308996,898.6989331,78892.17515
2017,OFFICE OF LABOR RELATIONS,1,127,38,1686.886063,74973.34614,0,0,1241.384567,76214.73071
2016,NYC EMPLOYEES RETIREMENT SYS,2,396,38,1751.554949,62505.6879,81.79356061,2949.722677,2904.037803,68359.44838
2015,NYC EMPLOYEES RETIREMENT SYS,2,376,37,1753.453936,64299.51186,101.3523936,3889.939707,3966.214415,72155.66598
2017,FINANCIAL INFO SVCS AGENCY,1,428,37,1772.519393,107103.9761,13.93574766,608.3958178,2189.538528,109901.9104
2017,NYC EMPLOYEES RETIREMENT SYS,3,404,37,1754.673861,67969.99795,96.5049505,3743.033292,3080.472252,74793.50349
2018,DEPARTMENT OF BUSINESS SERV.,1,254,37,1660.730118,72113.22567,3.715551181,161.7198425,1034.698701,73309.64421
2015,TEACHERS RETIREMENT SYSTEM,1,369,37,1791.515637,77098.4326,10.17479675,459.7927371,2811.417073,80369.64241
2018,NYC EMPLOYEES RETIREMENT SYS,3,406,37,1722.463941,65108.3185,57.02339901,2154.923645,3056.160517,70319.40266
2015,DEPARTMENT OF CITY PLANNING,5,247,37,1693.758664,71308.09065,4.854251012,192.485749,2637.031822,74137.60822
2016,OFFICE OF LABOR RELATIONS,1,119,36,1655.036639,68816.36882,0,0,1112.503361,69928.87218
2018,BRONX DISTRICT ATTORNEY,1,988,36,1656.098579,65498.73773,24.6744044,744.3571071,778.6126927,67021.70753
2018,DISTRICT ATTORNEY KINGS COUNTY,1,1065,36,1702.48987,66884.53098,32.5551676,1554.083082,815.9249348,69254.53899
2017,DEPARTMENT OF BUSINESS SERV.,1,263,36,1626.681407,72129.27696,4.151140684,169.1360456,1053.309392,73351.7224
2017,ADMIN TRIALS AND HEARINGS,5,267,36,1634.254419,66299.57056,4.707865169,185.4940824,1734.851011,68219.91566
2015,DEPT OF YOUTH & COMM DEV SRVS,1,445,36,1661.522899,67749.01798,7.536516854,382.9869888,1671.045056,69803.05002
2015,DEPARTMENT FOR THE AGING,1,270,36,1751.641667,67744.79507,3.891666667,126.114037,2326.874852,70197.78396
2015,OFFICE OF THE MAYOR,1,445,36,1598.148449,75783.65306,14.30617978,453.0329663,1030.376,77267.06202
2016,DEPARTMENT FOR THE AGING,1,272,35,1764.406949,67696.80379,1.954044118,67.61069853,1634.40886,69398.82335
2017,DISTRICT ATTORNEY KINGS COUNTY,1,1034,35,1685.7863,69167.32197,27.84679732,1299.882734,636.9884608,71104.19316
2015,DISTRICT ATTORNEY KINGS COUNTY,1,1005,34,1691.723922,64499.83754,27.23585366,1040.592029,1451.68598,66992.11555
2016,OFFICE OF THE MAYOR,2,510,34,1568.314784,75363.35675,9.968470588,283.634098,207.5040588,75854.4949
2015,BRONX DISTRICT ATTORNEY,2,822,34,1729.83069,64145.39056,38.4785109,1057.440569,1657.01937,66859.8505
2018,ADMIN TRIALS AND HEARINGS,5,284,34,1675.485739,67204.91401,6.608274648,221.316831,1466.054014,68892.28486
2017,BRONX DISTRICT ATTORNEY,1,991,34,1576.03987,59732.09386,36.76724826,1126.443579,725.0639182,61583.60136
2017,DISTRICT ATTORNEY-MANHATTAN,1,1355,33,1686.058864,76117.11705,31.69758065,1415.744186,745.5704032,78278.43163
2015,OFFICE OF LABOR RELATIONS,1,105,33,1683.046476,71365.63571,0,0.019047619,1972.200381,73337.85514
2016,BRONX DISTRICT ATTORNEY,1,835,33,1690.859643,59780.96439,39.99791667,1018.730345,1016.797631,61816.49237
2018,DISTRICT ATTORNEY-MANHATTAN,1,1402,33,1690.425745,75633.82179,34.44978014,1584.447759,810.0378723,78028.30742
2015,FINANCIAL INFO SVCS AGENCY,1,417,33,1717.902782,96924.8523,12.01378897,541.0553717,2854.192734,100320.1004
2015,DEPARTMENT OF BUSINESS SERV.,1,211,32,1715.423744,72022.71095,4.111374408,166.3509953,2068.519431,74257.58137
2018,BOARD OF ELECTION,5,536,32,1719.028172,51809.3075,281.1001493,10361.94815,622.1619776,62793.41763
2015,DISTRICT ATTORNEY-MANHATTAN,1,1272,32,1713.654264,72614.13512,35.26902973,1281.692003,1474.256933,75370.08405
2017,OFFICE OF THE MAYOR,2,448,32,1605.622746,88405.08801,6.971361607,227.4335268,203.5446652,88836.06621
2016,DISTRICT ATTORNEY KINGS COUNTY,1,1022,32,1754.313189,65775.69392,33.6905106,1409.714721,1040.478757,68225.8874
2018,NYC POLICE PENSION FUND,1,137,31,1640.683212,71095.07964,46.72810219,2041.735839,1521.71562,74658.53109
2016,DEPARTMENT OF BUSINESS SERV.,1,236,31,1595.082076,64202.13021,3.103813559,121.5130508,1189.670636,65513.3139
2016,CONSUMER AFFAIRS,1,352,31,1681.22679,52114.8671,22.73579545,705.8140625,823.5161648,53644.19733
2016,FINANCIAL INFO SVCS AGENCY,1,421,30,1774.004371,99428.97359,11.16686461,463.5254632,2116.675819,102009.1749
2018,DISTRICT ATTORNEY QNS COUNTY,1,662,30,1711.94908,78431.63,33.22700297,1263.260356,985.7207864,80680.61114
2018,GUTTMAN COMMUNITY COLLEGE,1,167,30,1235.481138,80236.05485,37.35479042,1173.088443,642.1138323,82051.25713
2017,OFF OF PAYROLL ADMINISTRATION,1,160,30,1724.824812,82736.64362,4.5890625,204.406625,2336.945687,85277.99594
2015,DISTRICT ATTORNEY QNS COUNTY,1,623,30,1732.53719,76487.28584,33.575,1069.943032,1545.099444,79102.32832
2017,NYC POLICE PENSION FUND,1,132,30,1693.55,76852.04697,46.66666667,2016.293258,1889.781212,80758.12144
2018,OFFICE OF THE MAYOR,2,450,30,1584.476978,85985.08311,6.8724,232.2212667,162.3903556,86379.69473
2015,ADMIN TRIALS AND HEARINGS,5,238,30,1763.192101,67044.87845,4.43487395,167.4052521,2771.569832,69983.85353
2017,BOARD OF ELECTION,5,511,30,1742.804168,49764.55865,363.3985714,13331.22339,539.0754012,63634.85744
2016,ADMIN TRIALS AND HEARINGS,5,234,30,1732.412949,65757.19333,3.489316239,116.4371795,1971.936923,67845.56744
2016,BOARD OF ELECTION,5,469,29,1736.114328,46853.06906,366.2950959,11069.26324,460.8345416,58383.16684
2017,DEPARTMENT OF INVESTIGATION,2,345,29,1695.229913,74779.39235,62.67826087,2820.641536,496.2126377,78096.24652
2017,DISTRICT ATTORNEY QNS COUNTY,1,644,29,1681.33237,81168.75506,34.62347095,1297.035933,740.5123089,83206.3033
2016,DEPARTMENT OF INVESTIGATION,2,309,29,1552.072848,63993.51068,57.46925566,2218.74835,588.0713916,66800.33042
2016,DISTRICT ATTORNEY QNS COUNTY,1,622,29,1731.390333,78133.10463,35.59365079,1168.296429,1227.405429,80528.80649
2015,CONSUMER AFFAIRS,1,359,29,1690.505181,54451.80552,15.17896936,680.6691643,1800.482479,56932.95716
2016,GUTTMAN COMMUNITY COLLEGE,1,155,28,1282.877226,69452.17548,27.86129032,848.1784516,744.9771613,71045.3311
2017,GUTTMAN COMMUNITY COLLEGE,1,156,28,1233.490577,84530.36442,35.04967949,1270.082244,1640.755385,87441.20205
2015,DEPARTMENT OF INVESTIGATION,1,250,28,1576.45052,66277.06304,36.38,1519.90116,1425.66992,69222.63412
2015,BOROUGH PRESIDENT-QUEENS,1,57,27,1738.140702,59650.26,0,0,1695.75193,61346.01193
2016,NYC POLICE PENSION FUND,1,131,26,1743.178244,72351.01695,48.90839695,2010.791221,2358.424046,76720.23221
2015,BOARD OF ELECTION,5,367,26,1761.167575,48521.10605,271.7649864,10159.51172,1439.949564,60120.56733
2015,NYC POLICE PENSION FUND,1,130,25,1777.365385,76333.54869,43.36753846,1786.623308,2752.452462,80872.62446
2018,DEPARTMENT OF INVESTIGATION,1,353,25,1661.329518,72151.30581,65.40509915,2954.71068,463.3166856,75569.33317
2018,OFF OF PAYROLL ADMINISTRATION,1,150,25,1697.391467,81294.35667,2.941666667,151.5536667,2325.648867,83771.5592
2015,GUTTMAN COMMUNITY COLLEGE,1,123,25,1159.014553,64108.33203,36.25,1052.06561,774.7021138,65935.09976
2017,BOROUGH PRESIDENT-BRONX,1,51,24,1802.441176,80095.30824,12.00980392,707.8847059,668.3413725,81471.53431
2016,OFF OF PAYROLL ADMINISTRATION,1,150,24,1765.993067,78397.46753,8.138333333,374.6612,2723.231933,81495.36067
2016,HUMAN RIGHTS COMMISSION,5,87,24,1462.142529,57706.58621,2.560344828,107.0425287,2020.547586,59834.17632
2016,BOROUGH PRESIDENT-BRONX,1,55,24,1773.095455,72960.71073,15.79090909,861.6581818,654.2047273,74476.57364
2016,BOROUGH PRESIDENT-QUEENS,1,56,24,1746.038214,61389.24161,0,0,880.5935714,62269.83518
2017,HUNTER COLLEGE HIGH SCHOOL,2,173,23,1409.318208,75920.07977,3.50433526,95.5850289,8791.728035,84807.39283
2018,BOROUGH PRESIDENT-QUEENS,1,55,23,1623.094364,65917.202,0,0,825.7618182,66742.96382
2015,OFF OF PAYROLL ADMINISTRATION,1,155,23,1682.380387,74490.62555,8.416129032,330.5280645,3199.157484,78020.3111
2018,HUNTER COLLEGE HIGH SCHOOL,1,175,23,1396.5516,70776.128,3.69,94.69897143,7758.278743,78629.10571
2016,BOROUGH PRESIDENT-BROOKLYN,1,64,23,1748.11,67369.85813,6.28125,58.4171875,595.2978125,68023.57313
2018,BUSINESS INTEGRITY COMMISSION,1,80,23,1615.339125,63050.3475,27.4625,1035.03675,1204.198125,65289.58237
2018,BOROUGH PRESIDENT-BRONX,1,50,23,1690.9984,72501.7222,15.281,852.6558,642.2432,73996.6212
2017,BOROUGH PRESIDENT-QUEENS,1,55,23,1738.809091,69168.55691,0.672727273,34.56472727,752.1025455,69955.22418
2015,BOROUGH PRESIDENT-BRONX,1,56,22,1731.133929,74723.64696,15.78571429,864.1010714,1458.599821,77046.34786
2018,CIVILIAN COMPLAINT REVIEW BD,1,172,22,1544.957849,64429.43703,55.3502907,2238.940233,300.7847674,66969.16203
2015,BOROUGH PRESIDENT-BROOKLYN,1,59,22,1649.018814,65175.23559,15.53389831,478.7549153,1479.390169,67133.38068
2016,HUNTER COLLEGE HIGH SCHOOL,2,168,22,1462.052798,63916.50137,3.794642857,130.4213095,4705.178869,68752.10155
2016,LANDMARKS PRESERVATION COMM,1,67,22,1672.339552,63008.14269,2.134328358,7.937910448,1701.281194,64717.36179
2015,HUNTER COLLEGE HIGH SCHOOL,2,168,22,1413.001012,62380.45304,1.226190476,24.45,4502.72506,66907.6281
2017,CIVILIAN COMPLAINT REVIEW BD,1,158,21,1688.004747,63169.91361,52.8871519,2040.488924,327.1925949,65537.59513
2018,TAX COMMISSION,1,39,21,1649.038462,92080.19333,49.05769231,3546.368718,2930.484872,98557.04692
2015,LANDMARKS PRESERVATION COMM,1,68,21,1497.457647,56327.70309,0.319852941,12.91735294,2229.785588,58570.40603
2017,LANDMARKS PRESERVATION COMM,1,63,21,1725.173175,70489.96603,6.702380952,261.728254,1625.710952,72377.40524
2018,HUMAN RIGHTS COMMISSION,5,138,21,1467.987899,59851.63384,1.610724638,70.15275362,1317.768261,61239.55486
2018,LANDMARKS PRESERVATION COMM,1,67,21,1654.655224,64823.78522,5.328358209,208.0449254,1478.182537,66510.01269
2017,PRESIDENT BOROUGH OF MANHATTAN,1,52,20,1707.336154,75272.14923,0.028846154,0.930384615,275.2573077,75548.33692
2017,TAX COMMISSION,1,38,20,1818.526316,102571.0576,73.61842105,4923.918158,3156.595526,110651.5713
2017,DISTRICT ATTORNEY RICHMOND COU,1,141,20,1539.554681,68480.32738,12.19340426,565.9793617,561.0537589,69607.3605
2017,DISTRICT ATTORNEY-SPECIAL NARC,4,205,20,1691.964049,89516.06566,7.392682927,378.4918537,873.3758537,90767.93337
2017,BOROUGH PRESIDENT-BROOKLYN,1,61,20,1758.928689,75075.56443,6.786885246,438.6636066,592.4388525,76106.66689
2017,BUSINESS INTEGRITY COMMISSION,1,77,20,1713.171818,68489.13156,18.87662338,682.4933766,1436.711948,70608.33688
2015,HUMAN RIGHTS COMMISSION,5,63,20,1639.331429,59316.23714,3.432539683,109.3395238,5859.380317,65284.95698
2016,TAX COMMISSION,1,38,19,1767.118421,88693.71395,76.73026316,5231.097632,3007.282368,96932.09395
2016,CIVILIAN COMPLAINT REVIEW BD,2,146,19,1567.672945,53071.11514,62.56506849,2060.193973,314.3976712,55445.70678
2015,TAX COMMISSION,1,38,19,1697.947368,87000.26632,93.07236842,6178.753684,3530.951316,96709.97132
2016,BUSINESS INTEGRITY COMMISSION,1,76,19,1624.657632,61339.92855,19.27960526,658.2698684,1595.698421,63593.89684
2018,PRESIDENT BOROUGH OF MANHATTAN,1,50,19,1529.248,69537.957,0,0,341.9486,69879.9056
2017,CULTURAL AFFAIRS,2,51,19,1724.019608,80144.26725,0,0,589.4423529,80733.70961
2016,DISTRICT ATTORNEY-SPECIAL NARC,5,200,19,1711.8901,83754.11655,9.16,429.86865,1915.04735,86099.03255
2017,HUMAN RIGHTS COMMISSION,5,106,19,1516.929151,64031.75443,1.051886792,36.37188679,1674.110283,65742.2366
2018,DISTRICT ATTORNEY-SPECIAL NARC,5,214,19,1673.953442,88440.18772,7.596511628,388.6974419,1080.787907,89909.67307
2015,DISTRICT ATTORNEY-SPECIAL NARC,5,197,19,1747.57401,85858.6736,7.907360406,396.0270051,1380.776345,87635.47695
2018,DEPT OF RECORDS & INFO SERVICE,3,60,19,1480.9995,53759.77933,0.104166667,4.445833333,840.5628333,54604.788
2018,CULTURAL AFFAIRS,2,50,18,1705.6546,74498.3462,0,0,493.989,74992.3352
2015,CULTURAL AFFAIRS,2,46,18,1672.061522,73398.64109,0,0,1315.716087,74714.35717
2016,DISTRICT ATTORNEY RICHMOND COU,1,101,18,1584.913069,63769.4698,21.44554455,769.5337624,972.5989109,65511.60248
2015,CIVILIAN COMPLAINT REVIEW BD,1,141,18,1644.030709,52753.52312,77.70744681,2536.53617,1195.319929,56485.37922
2016,DEPT OF RECORDS & INFO SERVICE,3,45,18,1650.989778,53374.54578,0,0.369555556,1686.655556,55061.57089
2015,CITY CLERK,5,64,18,1611.459844,55205.13859,1.82421875,102.14125,1694.070625,57001.35047
2016,CULTURAL AFFAIRS,2,47,18,1687.850851,72115.38106,0,0,617.5659574,72732.94702
2017,DEPT OF RECORDS & INFO SERVICE,3,46,18,1591.908913,57024.99087,1.847826087,52.45717391,1112.54913,58189.99717
2018,DISTRICT ATTORNEY RICHMOND COU,1,140,17,1631.110714,80930.51143,2.808785714,123.0967857,459.4488571,81513.05707
2016,CITY CLERK,5,63,17,1724.518095,55972.90095,0,0,851.6519048,56824.55286
2015,BOROUGH PRESIDENT-STATEN IS,1,36,17,1617.077778,69517.20972,0,0,1008.873333,70526.08306
2017,CITY CLERK,5,68,17,1696.396618,56490.12397,1.997352941,56.55308824,730.4916176,57277.16868
2015,OFFICE OF EMERGENCY MANAGEMENT,1,149,17,1490.152685,68289.69705,66.45134228,2964.865638,1295.776913,72550.3396
2015,OFFICE OF MANAGEMENT & BUDGET,1,331,17,1662.42142,77418.63453,42.88821752,1677.46858,1139.52574,80235.62885
2016,PRESIDENT BOROUGH OF MANHATTAN,1,53,17,1725.762264,69765.54189,0,0,224.0613208,69989.60321
2017,BOROUGH PRESIDENT-STATEN IS,1,41,17,1712.146341,74751.4478,0,0,730.4895122,75481.93732
2015,PRESIDENT BOROUGH OF MANHATTAN,1,50,17,1685.2406,68450.2196,0,0,1242.7364,69692.956
2018,BOROUGH PRESIDENT-BROOKLYN,1,59,17,1737.557119,72063.43763,5.559322034,210.8269492,746.5283051,73020.79288
2016,BOROUGH PRESIDENT-STATEN IS,1,37,17,1720.810811,70726.95514,0,0,809.6127027,71536.56784
2015,DEPT OF RECORDS & INFO SERVICE,3,42,16,1723.84619,53646.54571,16.16666667,841.7659524,2610.092857,57098.40452
2016,OFFICE OF MANAGEMENT & BUDGET,1,355,16,1666.37707,75953.17189,35.55915493,1373.497465,209.265662,77535.93501
2015,DISTRICT ATTORNEY RICHMOND COU,1,98,16,1734.893571,76044.67357,27.79591837,1143.099082,1650.533163,78838.30582
2018,CITY CLERK,5,62,16,1732.431935,57914.59919,0.266129032,31.67241935,778.5912903,58724.8629
2015,BUSINESS INTEGRITY COMMISSION,1,71,15,1562.225915,58330.49437,19.18661972,648.5311268,2411.797324,61390.82282
2018,NYC FIRE PENSION FUND,1,31,15,1564.200968,71267.92,42.92741935,2193.405806,1852.908065,75314.23387
2017,OFFICE OF MANAGEMENT & BUDGET,1,388,15,1633.472165,80113.26345,37.79188144,1571.960799,221.1569588,81906.38121
2018,BOROUGH PRESIDENT-STATEN IS,1,40,15,1696.025,72055.94925,0,0,613.9785,72669.92775
2018,OFFICE OF MANAGEMENT & BUDGET,1,388,14,1650.761907,80159.65629,34.76739691,1435.699974,202.6335825,81797.98985
2018,MAYORS OFFICE OF CONTRACT SVCS,2,152,13,1477.143092,68639.70868,1.606907895,52.91782895,60.46980263,68753.09632
2018,CONFLICTS OF INTEREST BOARD,1,26,13,1693.996923,88857.55538,0,0,518.2084615,89375.76385
2017,PUBLIC ADVOCATE,1,44,13,1544.005682,67532.30568,0,0,28.40909091,67560.71477
2016,PUBLIC ADVOCATE,1,39,13,1723.267436,67914.64795,0,0,6.41025641,67921.05821
2018,PUBLIC ADVOCATE,1,37,12,1640.256757,68578.80784,0,0,9.593783784,68588.40162
2018,OFFICE OF THE ACTUARY,1,41,12,1633.682927,94185.01317,18.2804878,1056.15878,3342.046341,98583.21829
2017,CAMPAIGN FINANCE BOARD,1,87,12,1690.451149,80628.5831,44.79022989,1875.675287,1174.53046,83678.78885
2017,OFFICE OF EMERGENCY MANAGEMENT,1,165,12,1623.472242,79320.27133,60.07727273,2746.911152,541.0690909,82608.25158
2015,CAMPAIGN FINANCE BOARD,1,85,12,1688.476471,73357.89894,39.77941176,1520.334118,1292.612118,76170.84518
2017,OFFICE OF THE ACTUARY,1,38,12,1715.422895,97227.63763,60.63815789,2911.664737,4003.008421,104142.3108
2016,OFFICE OF EMERGENCY MANAGEMENT,1,156,12,1716.36859,78469.50487,60.80929487,2653.239295,510.6267949,81633.37096
2016,CAMPAIGN FINANCE BOARD,1,87,12,1627.916667,74673.18448,25.35344828,1202.951149,2397.082184,78273.21782
2017,OFFICE OF COLLECTIVE BARGAININ,1,17,11,1825,118979.4476,0,0,607.9558824,119587.4035
2016,OFFICE OF COLLECTIVE BARGAININ,1,17,11,1731.294118,103348,0,2.321176471,587.6182353,103937.9394
2016,CONFLICTS OF INTEREST BOARD,1,21,11,1688.630952,87505.19524,0,0,1064.50619,88569.70143
2018,OFFICE OF COLLECTIVE BARGAININ,1,15,11,1785.783333,119466.354,0,0,545.718,120012.072
2015,PUBLIC ADVOCATE,1,41,11,1396.03122,51375.89293,0,0,274.3902439,51650.28317
2016,OFFICE OF THE ACTUARY,1,34,11,1712.769706,94229.85,90.90441176,4452.930588,3093.889412,101776.67
2017,BOARD OF CORRECTION,1,21,11,1586.47619,74941.06714,0,0,815.0761905,75756.14333
2018,OFFICE OF EMERGENCY MANAGEMENT,1,181,11,1613.063536,76513.43972,85.43646409,4161.903591,459.4196685,81134.76298
2017,CONFLICTS OF INTEREST BOARD,1,23,11,1563.380435,81332.86913,0,0,487.7678261,81820.63696
2018,CUNY CENTRAL OFFICE,2,28,11,1516.704286,59196.17107,4.482142857,167.8946429,252.3439286,59616.40964
2015,CONFLICTS OF INTEREST BOARD,1,21,10,1647.535714,92603.63524,0,0,1631.384286,94235.01952
2018,BOARD OF CORRECTION,1,28,10,1515.446429,65709.03857,0.276785714,8.645,554.1939286,66271.8775
2015,OFFICE OF COLLECTIVE BARGAININ,1,15,10,1591.7,81453.50067,0,64.424,1099.156,82617.08067
2015,OFFICE OF THE ACTUARY,1,34,9,1767.875,88639.87853,101.8161765,4626.385882,4375.722941,97641.98735
2017,MAYORS OFFICE OF CONTRACT SVCS,2,99,9,1320.926768,51328.37667,10.8030303,288.9006061,132.9488889,51750.22616
2018,CAMPAIGN FINANCE BOARD,1,99,9,1680.893939,82237.65515,75.26555556,4184.621212,1162.510606,87584.78697
2017,CUNY CENTRAL OFFICE,1,19,8,1495.023158,52860.49263,20.23684211,649.2652632,895.6221053,54405.38
2016,BOARD OF CORRECTION,1,17,8,1629.294118,67079.75765,0.264705882,9.317058824,809.5435294,67898.61824
2017,NYC DEPT OF VETERANS' SERVICES,1,32,8,1352.125,64467.94969,8.8984375,287.9596875,184.7515625,64940.66094
2015,INDEPENDENT BUDGET OFFICE,1,34,8,1607.970588,89684.24971,0,0,1061.681176,90745.93088
2018,NYC DEPT OF VETERANS' SERVICES,1,34,8,1597.139706,76143.11176,16.83088235,589.0182353,219.2197059,76951.34971
2018,EQUAL EMPLOY PRACTICES COMM,1,11,8,1412.068182,66924.16818,0,0,48.79272727,66972.96091
2016,INDEPENDENT BUDGET OFFICE,1,35,7,1714.857143,91027.38171,0,0,548.0174286,91575.39914
2016,EQUAL EMPLOY PRACTICES COMM,1,10,7,1527.732,61529.858,0,0,23.275,61553.133
2016,PUBLIC ADMINISTRATOR-KINGS,1,11,6,1578.959091,51356.63182,0.727272727,41.55818182,46.95454545,51445.14455
2017,PUBLIC ADMINISTRATOR-KINGS,1,12,6,1690.643333,57827.30333,0,0,83.33333333,57910.63667
2017,PUBLIC ADMINISTRATOR-NEW YORK,1,10,6,1820.625,67876.512,0,0,3030.255,70906.767
2016,PUBLIC ADMINISTRATOR-NEW YORK,1,10,6,1786,60115.278,0,0,2854.74,62970.018
2018,PUBLIC ADMINISTRATOR-KINGS,1,13,6,1524.45,55823.81231,0,0,38.46153846,55862.27385
2018,PUBLIC ADMINISTRATOR-NEW YORK,1,10,6,1788.375,67289.494,0,0,2976.607,70266.101
2017,EQUAL EMPLOY PRACTICES COMM,1,10,6,1648.952,73928.652,0,0,109.197,74037.849
2016,CUNY CENTRAL OFFICE,1,12,6,581.5,16816.6325,17.33333333,397.6783333,183.74,17398.05083
2015,PUBLIC ADMINISTRATOR-KINGS,1,10,6,1524.715,44729.852,0.4,22.953,528.875,45281.68
2015,BOARD OF CORRECTION,1,16,6,1743.5,89191.10125,0,0.86125,1546.6475,90738.61
2016,PUBLIC ADMINISTRATOR-BRONX,1,8,5,1830,70151.675,0,0,393.2875,70544.9625
2017,INDEPENDENT BUDGET OFFICE,1,35,5,1559.464286,87798.18314,0,0,286.9408571,88085.124
2015,PUBLIC ADMINISTRATOR-BRONX,1,8,5,1664.375,63833.9725,0,0.37375,899.24875,64733.595
2015,PUBLIC ADMINISTRATOR-NEW YORK,1,9,5,1825,51012.83667,0,0,3928.093333,54940.93
2015,EQUAL EMPLOY PRACTICES COMM,1,6,5,1825,80329.98333,0,0,872,81201.98333
2018,INDEPENDENT BUDGET OFFICE,1,31,5,1696.983871,95512.75355,0,0,191.1345161,95703.88806
2018,MANHATTAN COMMUNITY BOARD #2,1,4,4,1781.6625,54639.3425,0,0,199.35,54838.6925
2017,PUBLIC ADMINISTRATOR-BRONX,1,7,4,1715.107143,54816.05714,0,0,476.8657143,55292.92286
2017,PUBLIC ADMINISTRATOR-QUEENS,1,8,4,1637.03125,65060.4925,0,0,34.8025,65095.295
2015,DEPT OF ED PARA PROFESSIONALS,1,22032,4,0,32423.83247,0,62.8367352,13.52240514,32500.19161
2017,DEPT OF ED PARA PROFESSIONALS,1,24902,4,0,34282.71139,0,70.559031,29.75602321,34383.02644
2016,MANHATTAN COMMUNITY BOARD #2,1,4,4,1472.24,43823.17,0,0,8.25,43831.42
2015,MANHATTAN COMMUNITY BOARD #2,1,4,4,1803.415,52319.75,0,0,1000,53319.75
2018,PUBLIC ADMINISTRATOR-QUEENS,1,8,4,1687,64918.90875,0,0,58.36,64977.26875
2016,DEPT OF ED PARA PROFESSIONALS,1,23868,4,0,32761.14324,0,65.59623345,29.59129336,32856.33077
2015,PUBLIC ADMINISTRATOR-QUEENS,1,8,4,1622.78125,59780.51625,0,0,625,60405.51625
2017,MANHATTAN COMMUNITY BOARD #2,1,4,4,1788.1625,55758.72,0,0,14.4375,55773.1575
2018,PUBLIC ADMINISTRATOR-BRONX,1,6,4,1608.333333,59702.03167,0,0,544.83,60246.86167
2016,CIVIL SERVICE COMMISSION,1,7,4,1830,63718.56,19.39285714,1105.267143,954.1185714,65777.94571
2016,PUBLIC ADMINISTRATOR-QUEENS,1,7,4,1748.428571,64796.00286,0,0,0,64796.00286
2018,CIVIL SERVICE COMMISSION,1,8,4,1788.25,75970.3925,1.1875,31.99125,952.9225,76955.30625
2017,CIVIL SERVICE COMMISSION,1,8,4,1696.3125,70566.47,6.53125,486.3225,702.395,71755.1875
2018,DEPT OF ED PARA PROFESSIONALS,1,25125,4,0,36085.33457,0,76.44396283,14.972302,36176.75083
2018,QUEENS COMMUNITY BOARD #9,1,3,3,1790,49214.95333,0,0,608.53,49823.48333
2015,BROOKLYN COMMUNITY BOARD #3,1,3,3,1815.266667,57357.81667,0,0,1000,58357.81667
2018,BROOKLYN COMMUNITY BOARD #8,1,3,3,1790,62053.47667,0,0,488.12,62541.59667
2018,BROOKLYN COMMUNITY BOARD #7,1,3,3,1790,68679.82333,0,0,891.74,69571.56333
2018,PUBLIC ADMINISTRATOR-RICHMOND,1,5,3,1790,97184.704,0,0,35.056,97219.76
2018,QUEENS COMMUNITY BOARD #13,1,3,3,1652.333333,64968.23,0,0,11.5,64979.73
2018,QUEENS COMMUNITY BOARD #2,1,3,3,1790,64647.17333,0,0,569.12,65216.29333
2018,QUEENS COMMUNITY BOARD #3,1,3,3,1766.666667,54186.43333,0,0,26.07333333,54212.50667
2018,QUEENS COMMUNITY BOARD #4,1,3,3,1858.573333,70514.52,0,0,492.93,71007.45
2018,BRONX COMMUNITY BOARD #10,1,3,3,1725,49544.12,0,0,885.8933333,50430.01333
2015,BROOKLYN COMMUNITY BOARD #18,1,3,3,1826,65740.14,0,0,1000,66740.14
2018,BRONX COMMUNITY BOARD #2,1,3,3,1790,65831.1,0,0,440.37,66271.47
2018,STATEN ISLAND COMMUNITY BD #1,1,3,3,1790,66548.00333,0,0,462.37,67010.37333
2018,BRONX COMMUNITY BOARD #7,1,3,3,1485.24,39068.59,0,0,0,39068.59
2018,BRONX COMMUNITY BOARD #9,1,3,3,1502.916667,53667.98,0,0,192.1233333,53860.10333
2018,BROOKLYN COMMUNITY BOARD #13,1,3,3,1792,47136.91,0,0,79.75,47216.66
2018,BROOKLYN COMMUNITY BOARD #15,2,3,3,1778.583333,50349.1,0,0,177.4066667,50526.50667
2018,BROOKLYN COMMUNITY BOARD #17,1,4,3,1742.6875,51777.4625,0,0,782.955,52560.4175
2018,BROOKLYN COMMUNITY BOARD #18,1,3,3,1787.666667,72195.81,0,0,452.38,72648.19
2018,BROOKLYN COMMUNITY BOARD #3,1,3,3,1656.883333,54888.5,0,0,33.83333333,54922.33333
2015,BROOKLYN COMMUNITY BOARD #2,1,3,3,1781.666667,63330.85,0,0,1085.25,64416.1
2015,QUEENS COMMUNITY BOARD #1,1,3,3,1419.76,51665.92,0,0,666.6666667,52332.58667
2015,BROOKLYN COMMUNITY BOARD #6,1,3,3,1824.666667,69379.84667,0,0,1000,70379.84667
2015,BRONX COMMUNITY BOARD #2,1,3,3,1825,66202.56,0,0,1000,67202.56
2017,QUEENS COMMUNITY BOARD #3,1,3,3,1825,56884.93667,0,0,0,56884.93667
2017,QUEENS COMMUNITY BOARD #4,1,3,3,1911.906667,73192.05,0,0,276.0866667,73468.13667
2017,QUEENS COMMUNITY BOARD #13,1,3,3,1810,68337.84667,0,0,0,68337.84667
2015,QUEENS COMMUNITY BOARD #4,1,3,3,1911.906667,63136.66667,0,0,1265.893333,64402.56
2017,PUBLIC ADMINISTRATOR-RICHMOND,1,5,3,1825,99375.028,0,0,0,99375.028
2018,BROOKLYN COMMUNITY BOARD #5,1,3,3,1776.75,58328.28667,0,0,85.41666667,58413.70333
2017,QUEENS COMMUNITY BOARD #9,1,3,3,1825,49941.53667,0,0,265.86,50207.39667
2018,MANHATTAN COMMUNITY BOARD #10,1,3,3,921.6666667,21581.72,0,0,233.1666667,21814.88667
2018,MANHATTAN COMMUNITY BOARD #12,1,3,3,1789.816667,56968.37333,0,0,405.2133333,57373.58667
2015,BRONX COMMUNITY BOARD #5,1,3,3,1512.333333,66332.53,0,0,1333.333333,67665.86333
2017,QUEENS COMMUNITY BOARD #2,1,3,3,1825,66540.49333,0,0,333.3333333,66873.82667
2015,BROOKLYN COMMUNITY BOARD #7,1,3,3,1828,67831.14,0,0,1531.786667,69362.92667
2017,STATEN ISLAND COMMUNITY BD #1,1,3,3,1825,66756.66667,0,0,366.6466667,67123.31333
2018,MANHATTAN COMMUNITY BOARD #4,1,3,3,1790,64352.59333,0,0,395.12,64747.71333
2018,MANHATTAN COMMUNITY BOARD #7,1,3,3,1675.333333,64209.91333,0,0,388.8533333,64598.76667
2015,BROOKLYN COMMUNITY BOARD #8,1,3,3,1825.833333,59140.57667,0,0,1057.71,60198.28667
2015,BROOKLYN COMMUNITY BOARD #15,2,3,3,1226.556667,29819.90333,0,0,666.6666667,30486.57
2015,QUEENS COMMUNITY BOARD #2,1,3,3,1825,61323.73333,0,0,1000,62323.73333
2015,BROOKLYN COMMUNITY BOARD #17,1,4,3,1820.495,50370.1725,0,0,1198.6525,51568.825
2015,QUEENS COMMUNITY BOARD #12,1,3,3,1825,62492.49667,0,0,1333.333333,63825.83
2018,BROOKLYN COMMUNITY BOARD #6,1,3,3,1263.333333,35373.13333,0,0,83.22333333,35456.35667
2017,MANHATTAN COMMUNITY BOARD #12,1,3,3,1224.84,46458.78667,0,0,60.5,46519.28667
2016,BROOKLYN COMMUNITY BOARD #17,1,4,3,1818.7675,52231.8675,0,0,198.925,52430.7925
2017,BROOKLYN COMMUNITY BOARD #13,1,3,3,1473,37368.50667,0,0,37.58333333,37406.09
2016,MANHATTAN COMMUNITY BOARD #10,1,3,3,1853.333333,54211.61667,0,0,110.5833333,54322.2
2016,MANHATTAN COMMUNITY BOARD #11,1,3,3,1830,56920.55667,0,0,177.2133333,57097.77
2016,MANHATTAN COMMUNITY BOARD #12,1,3,3,1824.61,59944.68333,0,0,118.25,60062.93333
2016,MANHATTAN COMMUNITY BOARD #3,1,4,3,1830,51084.69,0,0,412.2875,51496.9775
2016,MANHATTAN COMMUNITY BOARD #4,1,3,3,1830,64924.68667,0,0,177.5,65102.18667
2017,BROOKLYN COMMUNITY BOARD #8,1,3,3,1825,63876.84667,0,0,375.3966667,64252.24333
2017,BROOKLYN COMMUNITY BOARD #7,1,3,3,1825,70705.25333,0,0,675.5433333,71380.79667
2017,BROOKLYN COMMUNITY BOARD #6,1,3,3,1825,73217.40333,0,0,1.72,73219.12333
2017,BROOKLYN COMMUNITY BOARD #5,1,3,3,1106.666667,35272.35,0,0,13.75,35286.1
2017,BROOKLYN COMMUNITY BOARD #3,1,3,3,1796.86,61448.78667,0,0,11.33333333,61460.12
2017,BROOKLYN COMMUNITY BOARD #2,1,3,3,1825,70868.08667,0,0,122.3333333,70990.42
2017,BROOKLYN COMMUNITY BOARD #18,1,3,3,1825,74294.14667,0,0,194.1166667,74488.26333
2016,MANHATTAN COMMUNITY BOARD #7,1,3,3,1830,64617.60333,0,0,16.5,64634.10333
2017,BROOKLYN COMMUNITY BOARD #15,2,3,3,1823.89,50002.02,0,0,54.81,50056.83
2016,BROOKLYN COMMUNITY BOARD #3,1,3,3,1800.44,57332.14,0,0,0,57332.14
2015,MANHATTAN COMMUNITY BOARD #11,1,3,3,1546,46281.06,0,0,1000,47281.06
2015,MANHATTAN COMMUNITY BOARD #1,1,3,3,1825,61070.96,0,0,1432.56,62503.52
2016,BROOKLYN COMMUNITY BOARD #2,1,3,3,1830,63379.15667,0,0,74.25,63453.40667
2016,BROOKLYN COMMUNITY BOARD #18,1,3,3,1830,67699.62,0,0,0,67699.62
2016,PUBLIC ADMINISTRATOR-RICHMOND,1,5,3,1494.2,58934.102,0,0,0,58934.102
2016,QUEENS COMMUNITY BOARD #12,1,3,3,1804.333333,56740.99667,0,0,166.6666667,56907.66333
2017,BRONX COMMUNITY BOARD #7,1,3,3,1083.426667,34227.20667,0,0,0,34227.20667
2016,QUEENS COMMUNITY BOARD #2,1,3,3,1830,60891.33667,0,0,0,60891.33667
2016,QUEENS COMMUNITY BOARD #3,1,3,3,1656.666667,50224.46333,0,0,0,50224.46333
2016,QUEENS COMMUNITY BOARD #4,1,3,3,1917.14,64186.28333,0,0,265.2333333,64451.51667
2017,BRONX COMMUNITY BOARD #2,1,3,3,1565,48899.58,0,0,95.79333333,48995.37333
2016,BROOKLYN COMMUNITY BOARD #15,2,3,3,1824.666667,45920.68333,0,0,0,45920.68333
2016,QUEENS COMMUNITY BOARD #7,1,3,3,1889.283333,59829.43,0,0,666.6666667,60496.09667
2016,STATEN ISLAND COMMUNITY BD #1,1,3,3,1380,50528.94,0,0,298.2333333,50827.17333
2016,QUEENS COMMUNITY BOARD #9,1,3,3,1718.333333,44802.55667,0,0,531.4166667,45333.97333
2015,MANHATTAN COMMUNITY BOARD #10,1,3,3,1825,52420.78667,0,0,1000,53420.78667
2017,BROOKLYN COMMUNITY BOARD #17,1,4,3,1760.6125,53096.1675,0,0,406.175,53502.3425
2015,MANHATTAN COMMUNITY BOARD #12,1,3,3,1823.166667,61860.08333,0,0,1000,62860.08333
2017,MANHATTAN COMMUNITY BOARD #5,1,3,3,1825,71142.13,0,0,19.25,71161.38
2015,CIVIL SERVICE COMMISSION,1,7,3,1488.082857,41557.78429,117.2857143,4715.731429,1489.695714,47763.21143
2017,MANHATTAN COMMUNITY BOARD #10,1,3,3,1515,56732.14,0,0,102.25,56834.39
2016,BRONX COMMUNITY BOARD #12,1,3,3,1710.75,50353.34,0,0,241.5166667,50594.85667
2017,MANHATTAN COMMUNITY BOARD #11,1,3,3,1247.666667,43781.23333,0,0,34.56666667,43815.8
2016,BROOKLYN COMMUNITY BOARD #7,1,3,3,1830,65988.98,0,0,530.4666667,66519.44667
2017,MANHATTAN COMMUNITY BOARD #3,1,4,3,1824.5,56694.8575,0,0,424.4425,57119.3
2017,MANHATTAN COMMUNITY BOARD #4,1,3,3,1238.333333,52752.13667,0,0,86.25,52838.38667
2015,MANHATTAN COMMUNITY BOARD #7,1,3,3,1825,66381.71667,0,0,1000,67381.71667
2015,MANHATTAN COMMUNITY BOARD #8,1,4,3,1779.7625,45984.145,0,0,1000,46984.145
2016,BROOKLYN COMMUNITY BOARD #6,1,3,3,1781.333333,63976.97667,0,0,0,63976.97667
2015,PUBLIC ADMINISTRATOR-RICHMOND,1,5,3,1825,86721.862,0,0,600,87321.862
2016,BROOKLYN COMMUNITY BOARD #8,1,3,3,1830,58092.32,0,0,265.2333333,58357.55333
2015,MANHATTAN COMMUNITY BOARD #3,1,4,3,1825,52784.7925,0,0,2774.715,55559.5075
2015,MANHATTAN COMMUNITY BOARD #4,1,3,3,1073.333333,34862.52,0,0,666.6666667,35529.18667
2015,MANHATTAN COMMUNITY BOARD #5,1,3,3,1825,65107.89333,0,0,1000,66107.89333
2016,QUEENS COMMUNITY BOARD #8,1,2,2,1838.925,64000.035,0,0,0,64000.035
2016,QUEENS COMMUNITY BOARD #13,1,2,2,1369.64,49119.12,0,0,0,49119.12
2015,BRONX COMMUNITY BOARD #1,1,2,2,1825,101987.895,0,0,1398.84,103386.735
2015,QUEENS COMMUNITY BOARD #3,1,2,2,1825,67834.1,0,0,1000,68834.1
2015,BRONX COMMUNITY BOARD #10,1,2,2,1825,69057.425,0,0,1735.23,70792.655
2016,QUEENS COMMUNITY BOARD #14,1,2,2,1830,90567.035,0,0,517.82,91084.855
2015,QUEENS COMMUNITY BOARD #9,1,2,2,1825,51313.675,0,0,1398.84,52712.515
2015,QUEENS COMMUNITY BOARD #5,1,2,2,1825,65509.83,0,0,1398.84,66908.67
2015,QUEENS COMMUNITY BOARD #6,1,2,2,1825,76518.51,0,0,1000,77518.51
2015,BRONX COMMUNITY BOARD #6,1,2,2,1825,99159.285,0,0,1419.465,100578.75
2015,BRONX COMMUNITY BOARD #8,1,2,2,1824.5,50870.08,0,0,1903.215,52773.295
2015,QUEENS COMMUNITY BOARD #7,1,3,2,1911.906667,60133.65333,0,0,1333.333333,61466.98667
2015,BRONX COMMUNITY BOARD #12,1,2,2,1725,39095.785,0,0,1398.84,40494.625
2015,QUEENS COMMUNITY BOARD #8,1,3,2,1827.383333,45402.95333,0,0,666.6666667,46069.62
2016,QUEENS COMMUNITY BOARD #5,1,2,2,1830,63851,0,0,397.85,64248.85
2016,QUEENS COMMUNITY BOARD #11,1,2,2,1830,75626.81,0,0,1647.85,77274.66
2016,QUEENS COMMUNITY BOARD #6,1,2,2,1830,77232.75,0,0,0,77232.75
2015,BRONX COMMUNITY BOARD #3,1,2,2,1825,103340.075,0,0,1723.525,105063.6
2018,STATEN ISLAND COMMUNITY BD #3,1,3,2,1695,67450.43,0,0,429.64,67880.07
2015,BRONX COMMUNITY BOARD #4,1,3,2,1825,65241.23667,0,0,1469.523333,66710.76
2015,BRONX COMMUNITY BOARD #7,1,3,2,1825,53099.94667,0,0,1000,54099.94667
2015,MUNICIPAL WATER FIN AUTHORITY,1,14,2,1745.189286,84976.77214,10.48214286,390.1942857,1069.131429,86436.09786
2018,QUEENS COMMUNITY BOARD #8,1,3,2,1776.833333,63023.93,0,0,34.29,63058.22
2016,QUEENS COMMUNITY BOARD #10,1,3,2,1830,54784.73333,0,0,0,54784.73333
2015,MANHATTAN COMMUNITY BOARD #9,1,2,2,1825,63053.99,0,0,1000,64053.99
2016,BROOKLYN COMMUNITY BOARD #4,1,3,2,1830,61397.58,0,0,265.2333333,61662.81333
2015,QUEENS COMMUNITY BOARD #13,1,2,2,1695,69428.045,0,0,1398.84,70826.885
2015,QUEENS COMMUNITY BOARD #14,1,2,2,1825,92570.515,0,0,1938.69,94509.205
2018,QUEENS COMMUNITY BOARD #1,1,2,2,1790,58140.33,0,0,0,58140.33
2018,QUEENS COMMUNITY BOARD #10,1,3,2,1790,61364.34333,0,0,442.0733333,61806.41667
2018,QUEENS COMMUNITY BOARD #11,1,2,2,1745,64460.61,0,0,730.395,65191.005
2018,QUEENS COMMUNITY BOARD #12,1,3,2,1790,61226.54,0,0,756.9266667,61983.46667
2016,MANHATTAN COMMUNITY BOARD #5,1,2,2,1830,76507.06,0,0,0,76507.06
2015,MANHATTAN COMMUNITY BOARD #6,2,2,2,1825,69657.485,0,0,1000,70657.485
2016,MANHATTAN COMMUNITY BOARD #6,1,2,2,1192.5,36884.725,0,0,425.32,37310.045
2018,QUEENS COMMUNITY BOARD #14,1,2,2,1790,97746.17,0,0,854.49,98600.66
2015,BROOKLYN COMMUNITY BOARD #10,1,2,2,1825,92896.845,0,0,1000,93896.845
2016,MANHATTAN COMMUNITY BOARD #8,1,3,2,1829.916667,47231.32,0,0,13.75,47245.07
2018,MUNICIPAL WATER FIN AUTHORITY,1,13,2,1694.826923,89987.98385,10.73076923,421.0184615,160.9038462,90569.90615
2016,QUEENS COMMUNITY BOARD #1,1,2,2,1602.5,44130.29,0,0,0,44130.29
2016,MANHATTAN COMMUNITY BOARD #9,1,2,2,1830,60960.56,0,0,465.465,61426.025
2018,MANHATTAN COMMUNITY BOARD #9,1,2,2,1790,65574.34,0,0,779.895,66354.235
2018,MANHATTAN COMMUNITY BOARD #8,1,2,2,711.14,24387.41,0,0,16.5,24403.91
2016,MUNICIPAL WATER FIN AUTHORITY,1,12,2,1825.25,92399.28083,6.958333333,225.8791667,194.33,92819.49
2018,MANHATTAN COMMUNITY BOARD #6,1,3,2,1226.666667,43294.31333,0,0,132.1666667,43426.48
2018,MANHATTAN COMMUNITY BOARD #5,1,2,2,1790,82231.265,0,0,0,82231.265
2018,QUEENS COMMUNITY BOARD #5,1,2,2,1790,73481.555,0,0,726.27,74207.825
2018,MANHATTAN COMMUNITY BOARD #3,1,3,2,1790,55311.92667,0,0,971.11,56283.03667
2018,QUEENS COMMUNITY BOARD #6,1,2,2,1790,80436.545,0,0,327.43,80763.975
2018,QUEENS COMMUNITY BOARD #7,1,2,2,1790,58979.035,0,0,17,58996.035
2018,MANHATTAN COMMUNITY BOARD #11,1,2,2,1754.25,61930.06,0,0,145.875,62075.935
2016,MANHATTAN COMMUNITY BOARD #1,1,3,2,1776.833333,68214.38333,0,0,539.15,68753.53333
2018,MANHATTAN COMMUNITY BOARD #1,2,3,2,1426.666667,54018.09,0,0,745.93,54764.02
2015,BROOKLYN COMMUNITY BOARD #1,1,2,2,1825,90088.665,0,0,1000,91088.665
2015,QUEENS COMMUNITY BOARD #10,1,3,2,1825,60354.64,0,0,1000,61354.64
2015,BROOKLYN COMMUNITY BOARD #11,1,2,2,1825,77956.46,0,0,1398.84,79355.3
2017,QUEENS COMMUNITY BOARD #8,1,3,2,1822.666667,65942.42667,0,0,0,65942.42667
2016,BROOKLYN COMMUNITY BOARD #1,1,2,2,1821.865,87120.775,0,0,0,87120.775
2017,QUEENS COMMUNITY BOARD #14,1,2,2,1825,99221.91,0,0,756.04,99977.95
2016,BROOKLYN COMMUNITY BOARD #10,1,2,2,1830,90351.38,0,0,0,90351.38
2016,BROOKLYN COMMUNITY BOARD #11,1,2,2,1830,75714.12,0,0,397.85,76111.97
2016,BROOKLYN COMMUNITY BOARD #12,1,3,2,1830,54096.91,0,0,265.2333333,54362.14333
2017,QUEENS COMMUNITY BOARD #5,1,2,2,1825,77171.59,0,0,414.13,77585.72
2017,QUEENS COMMUNITY BOARD #6,1,2,2,1825,82750.175,0,0,0,82750.175
2017,QUEENS COMMUNITY BOARD #7,1,2,2,1487.5,45142.395,0,0,0,45142.395
2016,BROOKLYN COMMUNITY BOARD #13,1,2,2,847.5,21462.095,0,0,0,21462.095
2018,BRONX COMMUNITY BOARD #4,1,3,2,1790,68924.91333,0,0,914.0733333,69838.98667
2017,STATEN ISLAND COMMUNITY BD #3,1,3,2,1825,73129.23,0,0,499.6466667,73628.87667
2017,BROOKLYN COMMUNITY BOARD #4,1,3,2,1388,44688.86333,0,0,410.6233333,45099.48667
2015,STATEN ISLAND COMMUNITY BD #3,1,3,2,1825,68100.05667,0,0,1420.06,69520.11667
2017,BROOKLYN COMMUNITY BOARD #16,1,2,2,1825,76339.73,0,0,94.59,76434.32
2018,BRONX COMMUNITY BOARD #1,1,2,2,1790,106382.25,0,0,660.555,107042.805
2018,BRONX COMMUNITY BOARD #11,1,2,2,1790,63287.81,0,0,4.125,63291.935
2018,BRONX COMMUNITY BOARD #12,1,2,2,1790,87045.655,0,0,648.18,87693.835
2015,BROOKLYN COMMUNITY BOARD #12,1,3,2,1825,51248.4,0,0,1265.893333,52514.29333
2017,QUEENS COMMUNITY BOARD #12,1,3,2,1506.666667,57059.68333,0,0,729.8533333,57789.53667
2017,QUEENS COMMUNITY BOARD #11,1,2,2,1810,82717.515,0,0,1664.13,84381.645
2017,QUEENS COMMUNITY BOARD #10,1,3,2,1825,63462.62333,0,0,0,63462.62333
2017,QUEENS COMMUNITY BOARD #1,1,2,2,1824.25,56165.97,0,0,0,56165.97
2017,MANHATTAN COMMUNITY BOARD #8,1,3,2,1820.933333,50519.55667,0,0,41.25,50560.80667
2017,MANHATTAN COMMUNITY BOARD #9,1,2,2,1825,66783.63,0,0,488.38,67272.01
2017,MUNICIPAL WATER FIN AUTHORITY,1,13,2,1700.153846,82398.59,11.13461538,488.77,62.76923077,82950.12923
2015,BROOKLYN COMMUNITY BOARD #9,1,2,2,1825,87538.49,0,0,1000,88538.49
2017,MANHATTAN COMMUNITY BOARD #1,1,3,2,1825,74421.87,0,0,662.07,75083.94
2016,BRONX COMMUNITY BOARD #1,1,2,2,1830,99088.12,0,0,397.85,99485.97
2016,BRONX COMMUNITY BOARD #10,1,2,2,1830,65418.28,0,0,377.96,65796.24
2016,BRONX COMMUNITY BOARD #11,1,2,2,1834.5,57802.97,0,0,54.54,57857.51
2016,BRONX COMMUNITY BOARD #2,1,2,2,1507.335,36561.28,0,0,0,36561.28
2015,QUEENS COMMUNITY BOARD #11,1,2,2,1825,77131.675,0,0,2148.84,79280.515
2016,BRONX COMMUNITY BOARD #3,1,2,2,1830,100544.09,0,0,0,100544.09
2016,BRONX COMMUNITY BOARD #4,1,3,2,1331,38891.22333,0,0,574.8,39466.02333
2016,BRONX COMMUNITY BOARD #5,1,2,2,1830,69548.995,0,0,0,69548.995
2016,BRONX COMMUNITY BOARD #6,1,2,2,1830,96160.525,0,0,418.475,96579
2016,BRONX COMMUNITY BOARD #7,1,3,2,1461.666667,39741.97,0,0,0,39741.97
2016,BRONX COMMUNITY BOARD #8,1,3,2,1742,53127.17667,0,0,672.51,53799.68667
2016,BRONX COMMUNITY BOARD #9,1,2,2,1830,68093.03,0,0,0,68093.03
2018,BRONX COMMUNITY BOARD #3,1,2,2,1790,106821.525,0,0,822.87,107644.395
2017,BROOKLYN COMMUNITY BOARD #14,1,2,2,1825,86269.75,0,0,166.25,86436
2018,BRONX COMMUNITY BOARD #5,1,2,2,1625,53757.025,0,0,249.34,54006.365
2015,BROOKLYN COMMUNITY BOARD #4,1,3,2,1820.583333,60320.32667,0,0,1265.893333,61586.22
2018,BRONX COMMUNITY BOARD #6,1,2,2,1790,69494.78,0,0,175.5,69670.28
2018,BROOKLYN COMMUNITY BOARD #9,1,2,2,1700,40641.64,0,0,331.5,40973.14
2017,BRONX COMMUNITY BOARD #4,1,3,2,1825,70962.87,0,0,679.64,71642.51
2017,BRONX COMMUNITY BOARD #3,1,2,2,1825,109131.555,0,0,609.83,109741.385
2015,BROOKLYN COMMUNITY BOARD #5,1,3,2,1552.5,56097.88333,0,0,957.31,57055.19333
2017,BRONX COMMUNITY BOARD #12,1,2,2,1825,79858.81,0,0,472.355,80331.165
2017,BRONX COMMUNITY BOARD #11,1,2,2,1825,64370.975,0,0,334.7,64705.675
2017,BRONX COMMUNITY BOARD #10,1,2,2,980,22813.46,0,0,812.295,23625.755
2018,BROOKLYN COMMUNITY BOARD #4,1,3,2,1790,59558.34,0,0,656.43,60214.77
2017,BRONX COMMUNITY BOARD #1,1,2,2,1825,106387.385,0,0,472.355,106859.74
2016,BROOKLYN COMMUNITY BOARD #16,1,2,2,1830,71262.72,0,0,0,71262.72
2015,BROOKLYN COMMUNITY BOARD #16,1,2,2,1825,73477.645,0,0,1000,74477.645
2017,MANHATTAN COMMUNITY BOARD #7,1,2,2,1825,85455.15,0,0,37.125,85492.275
2016,STATEN ISLAND COMMUNITY BD #3,1,3,2,1830,66725.98,0,0,430.5666667,67156.54667
2015,BROOKLYN COMMUNITY BOARD #14,1,2,2,1825,77923.055,0,0,1000,78923.055
2015,STATEN ISLAND COMMUNITY BD #1,1,3,2,1825,64950.29,0,0,1575.786667,66526.07667
2017,BRONX COMMUNITY BOARD #8,1,3,2,1296.666667,36368.32333,0,0,705.4833333,37073.80667
2017,BRONX COMMUNITY BOARD #6,1,2,2,1750,58417.365,0,0,8.5,58425.865
2018,BROOKLYN COMMUNITY BOARD #14,1,2,2,1790,82030.655,0,0,310.19,82340.845
2017,BROOKLYN COMMUNITY BOARD #10,1,2,2,1825,98497.9,0,0,94.59,98592.49
2018,BROOKLYN COMMUNITY BOARD #1,1,2,2,1790,91126.62,0,0,153.125,91279.745
2018,BROOKLYN COMMUNITY BOARD #10,1,2,2,1790,95917.51,0,0,295.965,96213.475
2018,BROOKLYN COMMUNITY BOARD #11,1,2,2,1790,79846.595,0,0,648.18,80494.775
2018,BROOKLYN COMMUNITY BOARD #12,1,2,2,1790,72628.53,0,0,41.25,72669.78
2017,BROOKLYN COMMUNITY BOARD #11,1,2,2,1825,81119.92,0,0,492.22,81612.14
2017,BROOKLYN COMMUNITY BOARD #12,1,3,2,1825,61563.67,0,0,347.3966667,61911.06667
2018,BROOKLYN COMMUNITY BOARD #16,1,2,2,1790,74246.19,0,0,341.25,74587.44
2017,BROOKLYN COMMUNITY BOARD #1,1,2,2,1825,93595.675,0,0,91,93686.675
2016,BROOKLYN COMMUNITY BOARD #14,1,2,2,1830,76285.12,0,0,0,76285.12
2018,BRONX COMMUNITY BOARD #8,1,3,2,1216.666667,33421.98333,0,0,510.56,33932.54333
2018,BROOKLYN COMMUNITY BOARD #2,1,2,2,1790,51340.9,0,0,277.875,51618.775
2015,BROOKLYN COMMUNITY BOARD #13,1,1,1,1825,67698.54,0,0,1797.68,69496.22
2016,STATEN ISLAND COMMUNITY BD #2,1,1,1,1830,88637.07,0,0,2443.7,91080.77
2015,BRONX COMMUNITY BOARD #9,1,1,1,1825,49433.24,0,0,1000,50433.24
2018,STATEN ISLAND COMMUNITY BD #2,1,1,1,1790,92447.57,0,0,1500,93947.57
2017,BRONX COMMUNITY BOARD #9,1,1,1,1825,100961.73,0,0,0,100961.73
2017,STATEN ISLAND COMMUNITY BD #2,1,1,1,1825,94952.35,0,0,2654.25,97606.6
2015,STATEN ISLAND COMMUNITY BD #2,1,1,1,1825,91394.24,0,0,2208.8,93603.04
2016,BROOKLYN COMMUNITY BOARD #5,1,1,1,1830,34271.98,0,0,16.5,34288.48
2017,BROOKLYN COMMUNITY BOARD #9,1,1,1,652.73,10329.89,0,0,215,10544.89
2015,BRONX COMMUNITY BOARD #11,1,1,1,1825,72415.41,0,0,1422.29,73837.7
2017,BRONX COMMUNITY BOARD #5,1,1,1,1825,39756.27,0,0,116.45,39872.72
2017,MANHATTAN COMMUNITY BOARD #6,1,1,1,1825,84790.85,0,0,0,84790.85
